{
 "training.lr": 0.004990726175149507,
 "training.regularization_lambda": 1.730292405560637e-08,
 "training.cosanneal_warmup_frac": 0.1621914155781269,
 "training.cosanneal_eta_min": 3.920820747328432e-07,
 "training.ema_decay": 0.9834197868824937,
 "model.virt_log_scale": 0.020334782065519228
}