{
  "ckpt_run_dir": "/lustre/fswork/projects/rech/itg/ulm49ia/Foundational_Amplitudes/runs/pretrain25/trial_0009",
  "weights": "/lustre/fswork/projects/rech/itg/ulm49ia/Foundational_Amplitudes/runs/pretrain25/trial_0009/models/model_run0_best.pt.gz",
  "dataset": "ee_uu_10-1000GeV_test_amplitudes",
  "use_PIDs": false,
  "held_out_pdgs": [
    -11,
    -2,
    2,
    11
  ],
  "subsample": 30000,
  "encodable": true,
  "val": {
    "mse_prepd": 0.33702170848846436,
    "l1_prepd": 0.3125935196876526,
    "rel_err_mean": 0.5957864735916957,
    "rel_err_median": 0.17216612365230574,
    "raw_mse": 0.27671706190728496,
    "n_events": 2000
  },
  "test": {
    "mse_prepd": 0.39753419160842896,
    "l1_prepd": 0.343791127204895,
    "rel_err_mean": 0.718906772832863,
    "rel_err_median": 0.17215068907268596,
    "raw_mse": 0.36228557568209,
    "n_events": 10000
  },
  "trivial_mse_prepd": 1.0
}